transaction_id,user_id,amount,description,transaction_time,location,device_id,created_at,category
1,3,450,ZMT ORD,2025-01-10 13:22:11,Delhi,ANDROID_A1,2025-01-10 13:22:13,Food
2,5,1200,SWIG INST,2025-01-11 20:45:09,Mumbai,ANDROID_B2,2025-01-11 20:45:11,Food
3,7,299,NFLS,2025-01-12 09:15:44,Bangalore,IPHONE_X,2025-01-12 09:15:46,Subscriptions
4,9,149,SPTFY,2025-01-12 18:10:22,Pune,ANDROID_A1,2025-01-12 18:10:24,Subscriptions
5,12,2200,UBR TRIP,2025-01-13 08:55:01,Delhi,IPHONE_Y,2025-01-13 08:55:03,Travel
6,14,1800,OLA CABS,2025-01-13 22:40:33,Mumbai,ANDROID_B2,2025-01-13 22:40:35,Travel
7,4,3200,AMZN MKTP,2025-01-14 11:30:20,Bangalore,ANDROID_A1,2025-01-14 11:30:22,Shopping
8,6,2100,FLPKRT,2025-01-14 19:50:12,Pune,IPHONE_X,2025-01-14 19:50:14,Shopping
9,8,500,MOV TIX,2025-01-15 16:05:55,Delhi,ANDROID_B2,2025-01-15 16:05:57,Entertainment
10,10,650,PVR CIN,2025-01-15 21:10:48,Mumbai,ANDROID_A1,2025-01-15 21:10:50,Entertainment
11,11,499,BOOKMY,2025-01-16 14:20:09,Bangalore,IPHONE_Y,2025-01-16 14:20:11,Entertainment
12,15,320,SWIGGY #123,2025-01-16 20:35:44,Pune,ANDROID_B2,2025-01-16 20:35:46,Food
13,18,270,ZOM FOOD,2025-01-17 13:00:17,Delhi,ANDROID_A1,2025-01-17 13:00:19,Food
14,20,399,PRIME VID,2025-01-17 09:40:55,Mumbai,IPHONE_X,2025-01-17 09:40:57,Subscriptions
15,22,1299,AMAZON PAY,2025-01-18 12:10:31,Bangalore,ANDROID_B2,2025-01-18 12:10:33,Shopping
16,25,1750,FKRT BUY,2025-01-18 18:25:42,Pune,ANDROID_A1,2025-01-18 18:25:44,Shopping
17,27,90,UPI DR,2025-01-19 10:05:03,Delhi,ANDROID_B2,2025-01-19 10:05:05,Other
18,29,120,BANK TX,2025-01-19 11:15:36,Mumbai,IPHONE_Y,2025-01-19 11:15:38,Other
19,30,260,MISC PAY,2025-01-20 15:55:22,Bangalore,ANDROID_A1,2025-01-20 15:55:24,Other
20,2,540,UBR#TX,2025-01-20 21:10:14,Pune,ANDROID_B2,2025-01-20 21:10:16,Travel
21,4,310,ZMT*DEL,2025-01-21 13:15:42,Delhi,ANDROID_A1,2025-01-21 13:15:44,Food
22,6,980,SWIG INST,2025-01-21 19:40:11,Mumbai,ANDROID_B2,2025-01-21 19:40:13,Food
23,8,349,NFLS,2025-01-22 08:55:27,Bangalore,IPHONE_X,2025-01-22 08:55:29,Subscriptions
24,9,149,SPOT SUB,2025-01-22 22:10:05,Pune,ANDROID_A1,2025-01-22 22:10:07,Subscriptions
25,11,2200,UBER *RIDE,2025-01-23 09:05:31,Delhi,IPHONE_Y,2025-01-23 09:05:33,Travel
26,13,1600,RPD AUTO,2025-01-23 18:45:18,Mumbai,ANDROID_B2,2025-01-23 18:45:20,Travel
27,15,3400,AMZN*ORD,2025-01-24 12:20:49,Bangalore,ANDROID_A1,2025-01-24 12:20:51,Shopping
28,16,1999,FLPKRT,2025-01-24 20:05:36,Pune,IPHONE_X,2025-01-24 20:05:38,Shopping
29,18,520,INOX,2025-01-25 16:35:44,Delhi,ANDROID_B2,2025-01-25 16:35:46,Entertainment
30,19,750,MOVIE TKT,2025-01-25 21:25:58,Mumbai,ANDROID_A1,2025-01-25 21:26:00,Entertainment
31,20,299,BOOKMY,2025-01-26 14:10:12,Bangalore,IPHONE_Y,2025-01-26 14:10:14,Entertainment
32,21,410,SWIGGY #123,2025-01-26 19:55:03,Pune,ANDROID_B2,2025-01-26 19:55:05,Food
33,22,260,ZOM FOOD,2025-01-27 13:05:47,Delhi,ANDROID_A1,2025-01-27 13:05:49,Food
34,23,399,NETFLX,2025-01-27 09:35:29,Mumbai,IPHONE_X,2025-01-27 09:35:31,Subscriptions
35,24,1299,PRIME VID,2025-01-28 12:15:54,Bangalore,ANDROID_B2,2025-01-28 12:15:56,Subscriptions
36,25,2450,AMAZON PAY,2025-01-28 18:30:41,Pune,ANDROID_A1,2025-01-28 18:30:43,Shopping
37,26,1800,FKRT BUY,2025-01-29 20:10:22,Delhi,ANDROID_B2,2025-01-29 20:10:24,Shopping
38,27,120,UPI DR,2025-01-29 10:25:09,Mumbai,IPHONE_Y,2025-01-29 10:25:11,Other
39,28,95,BANK TX,2025-01-30 11:40:36,Bangalore,ANDROID_A1,2025-01-30 11:40:38,Other
40,29,310,MISC PAY,2025-01-30 15:50:18,Pune,ANDROID_B2,2025-01-30 15:50:20,Other
41,30,600,UBR#TX,2025-01-31 21:05:44,Delhi,ANDROID_A1,2025-01-31 21:05:46,Travel
42,2,480,ZMT ORD,2025-02-01 13:20:33,Mumbai,ANDROID_B2,2025-02-01 13:20:35,Food
43,3,1050,SWIG INST,2025-02-01 19:35:57,Bangalore,IPHONE_X,2025-02-01 19:35:59,Food
44,4,299,NFLS,2025-02-02 08:50:21,Pune,ANDROID_A1,2025-02-02 08:50:23,Subscriptions
45,5,149,SPTFY,2025-02-02 22:05:14,Delhi,ANDROID_B2,2025-02-02 22:05:16,Subscriptions
46,6,2100,OLA CABS,2025-02-03 09:00:08,Mumbai,IPHONE_Y,2025-02-03 09:00:10,Travel
47,7,3300,AMZN MKTP,2025-02-03 12:45:39,Bangalore,ANDROID_A1,2025-02-03 12:45:41,Shopping
48,8,1750,FLPKRT,2025-02-03 20:15:52,Pune,IPHONE_X,2025-02-03 20:15:54,Shopping
49,9,540,MOV TIX,2025-02-04 16:00:27,Delhi,ANDROID_B2,2025-02-04 16:00:29,Entertainment
50,10,690,PVR CIN,2025-02-04 21:30:18,Mumbai,ANDROID_A1,2025-02-04 21:30:20,Entertainment
51,11,315,BOOKMY,2025-02-05 14:05:46,Bangalore,IPHONE_Y,2025-02-05 14:05:48,Entertainment
52,12,370,SWIGGY #123,2025-02-05 19:50:02,Pune,ANDROID_B2,2025-02-05 19:50:04,Food
53,13,255,ZOM FOOD,2025-02-06 13:10:19,Delhi,ANDROID_A1,2025-02-06 13:10:21,Food
54,14,399,NETFLX,2025-02-06 09:25:33,Mumbai,IPHONE_X,2025-02-06 09:25:35,Subscriptions
55,15,1299,PRIME VID,2025-02-07 12:35:11,Bangalore,ANDROID_B2,2025-02-07 12:35:13,Subscriptions
56,16,2600,AMAZON PAY,2025-02-07 18:40:57,Pune,ANDROID_A1,2025-02-07 18:40:59,Shopping
57,17,1900,FKRT BUY,2025-02-08 20:05:26,Delhi,ANDROID_B2,2025-02-08 20:05:28,Shopping
58,18,110,UPI DR,2025-02-08 10:15:44,Mumbai,IPHONE_Y,2025-02-08 10:15:46,Other
59,19,130,BANK TX,2025-02-09 11:35:08,Bangalore,ANDROID_A1,2025-02-09 11:35:10,Other
60,20,290,MISC PAY,2025-02-09 15:45:52,Pune,ANDROID_B2,2025-02-09 15:45:54,Other
61,21,580,UBR TRIP,2025-02-10 21:10:34,Delhi,ANDROID_A1,2025-02-10 21:10:36,Travel
62,22,420,ZMT ORD,2025-02-11 13:25:19,Mumbai,ANDROID_B2,2025-02-11 13:25:21,Food
63,23,990,SWIG INST,2025-02-11 19:30:47,Bangalore,IPHONE_X,2025-02-11 19:30:49,Food
64,24,299,NFLS,2025-02-12 08:45:03,Pune,ANDROID_A1,2025-02-12 08:45:05,Subscriptions
65,25,149,SPTFY,2025-02-12 22:00:26,Delhi,ANDROID_B2,2025-02-12 22:00:28,Subscriptions
66,26,2150,UBER *RIDE,2025-02-13 09:10:58,Mumbai,IPHONE_Y,2025-02-13 09:11:00,Travel
67,27,3500,AMZN*ORD,2025-02-13 12:55:41,Bangalore,ANDROID_A1,2025-02-13 12:55:43,Shopping
68,28,1850,FLPKRT,2025-02-13 20:20:37,Pune,IPHONE_X,2025-02-13 20:20:39,Shopping
69,29,510,MOVIE TKT,2025-02-14 16:10:12,Delhi,ANDROID_B2,2025-02-14 16:10:14,Entertainment
70,30,720,PVR CIN,2025-02-14 21:35:55,Mumbai,ANDROID_A1,2025-02-14 21:35:57,Entertainment
71,9,404.0,FLPKRT,2026-01-12 16:48:29,Hyderabad,IPHONE_Y,2026-01-12 16:48:31
72,20,2074.0,MISC PAY,2025-12-12 18:13:22,Bangalore,ANDROID_B2,2025-12-12 18:13:24
73,11,1181.0,FKRT BUY,2026-02-02 08:15:46,Pune,ANDROID_B2,2026-02-02 08:15:48
74,16,2695.0,PVR CIN,2026-02-10 23:05:18,Mumbai,IPHONE_Y,2026-02-10 23:05:20
75,13,2432.0,UPI DR,2025-12-04 19:33:22,Pune,IPHONE_Y,2025-12-04 19:33:24
76,24,1908.0,INOX,2026-01-11 16:14:07,Mumbai,IPHONE_X,2026-01-11 16:14:09
77,11,2876.0,ZMT*DEL,2026-01-16 13:47:30,Bangalore,ANDROID_B2,2026-01-16 13:47:32
78,24,461.0,MOVIE TKT,2026-01-14 14:23:11,Bangalore,IPHONE_X,2026-01-14 14:23:13
79,1,273.0,UPI DR,2025-11-23 17:55:48,Pune,ANDROID_B2,2025-11-23 17:55:50
80,4,2010.0,ZMT*DEL,2026-01-20 22:03:16,Pune,IPHONE_X,2026-01-20 22:03:18
81,4,2413.0,SWIGGY #123,2026-01-24 09:51:36,Bangalore,ANDROID_B2,2026-01-24 09:51:38
82,3,1754.0,UBR TRIP,2025-12-17 15:58:28,Bangalore,IPHONE_Y,2025-12-17 15:58:30
83,28,2593.0,BOOKMY,2026-01-17 09:40:13,Bangalore,ANDROID_A1,2026-01-17 09:40:15
84,22,2310.0,SWIG INST,2026-02-12 10:26:28,Hyderabad,ANDROID_B2,2026-02-12 10:26:30
85,16,2945.0,AMZN MKTP,2026-02-03 17:43:14,Bangalore,IPHONE_Y,2026-02-03 17:43:16
86,26,2280.0,UPI DR,2026-01-09 15:52:09,Delhi,ANDROID_B2,2026-01-09 15:52:11
87,2,3426.0,UBER *RIDE,2026-01-28 17:29:44,Bangalore,IPHONE_Y,2026-01-28 17:29:46
88,23,2072.0,NETFLX,2025-11-28 22:02:56,Pune,ANDROID_A1,2025-11-28 22:02:58
89,24,424.0,FKRT BUY,2025-11-18 15:52:17,Hyderabad,ANDROID_A1,2025-11-18 15:52:19
90,2,1861.0,RPD AUTO,2025-11-30 16:27:40,Pune,ANDROID_B2,2025-11-30 16:27:42
91,3,1365.0,NETFLX,2026-01-01 11:26:44,Pune,ANDROID_B2,2026-01-01 11:26:46
92,10,2303.0,MISC PAY,2026-02-01 09:20:16,Bangalore,IPHONE_Y,2026-02-01 09:20:18
93,4,54.0,PRIME VID,2026-02-06 22:12:33,Bangalore,IPHONE_Y,2026-02-06 22:12:35
94,20,883.0,SPOT SUB,2026-01-07 16:28:56,Pune,ANDROID_B2,2026-01-07 16:28:58
95,4,2957.0,ZMT*DEL,2025-12-04 13:00:35,Pune,IPHONE_X,2025-12-04 13:00:37
96,3,531.0,UBR TRIP,2026-01-06 12:32:45,Bangalore,IPHONE_Y,2026-01-06 12:32:47
97,14,2307.0,SPOT SUB,2026-01-19 12:58:38,Hyderabad,IPHONE_Y,2026-01-19 12:58:40
98,24,3285.0,UBR TRIP,2025-12-10 21:17:52,Delhi,IPHONE_X,2025-12-10 21:17:54
99,10,2425.0,BANK TX,2025-12-17 23:34:30,Bangalore,ANDROID_B2,2025-12-17 23:34:32
100,11,1368.0,MOVIE TKT,2025-12-01 14:24:14,Pune,ANDROID_B2,2025-12-01 14:24:16
101,2,3373.0,AMZN*ORD,2025-11-20 20:50:52,Mumbai,IPHONE_Y,2025-11-20 20:50:54
102,16,2467.0,SWIG INST,2025-12-18 18:06:33,Pune,ANDROID_A1,2025-12-18 18:06:35
103,1,2731.0,UPI DR,2025-12-14 12:50:16,Bangalore,ANDROID_A1,2025-12-14 12:50:18
104,20,1395.0,MISC PAY,2025-11-24 20:45:56,Pune,IPHONE_X,2025-11-24 20:45:58
105,28,1011.0,MOV TIX,2026-02-01 17:27:06,Delhi,ANDROID_B2,2026-02-01 17:27:08
106,15,238.0,UBER *RIDE,2026-01-06 18:22:23,Pune,ANDROID_A1,2026-01-06 18:22:25
107,5,2842.0,UBR#TX,2026-01-21 13:05:39,Pune,ANDROID_B2,2026-01-21 13:05:41
108,20,2438.0,UPI DR,2025-12-15 12:40:16,Pune,ANDROID_B2,2025-12-15 12:40:18
109,9,1955.0,UNKNOWN TXN,2026-02-03 17:28:22,Hyderabad,ANDROID_B2,2026-02-03 17:28:24
110,10,1921.0,MISC PAY,2025-12-25 17:54:30,Delhi,ANDROID_B2,2025-12-25 17:54:32
111,8,1261.0,PRIME VID,2025-11-20 17:25:17,Delhi,ANDROID_A1,2025-11-20 17:25:19
112,19,3102.0,UNKNOWN TXN,2026-01-14 23:38:51,Bangalore,IPHONE_X,2026-01-14 23:38:53
113,8,2826.0,UPI DR,2025-11-24 12:41:02,Bangalore,ANDROID_A1,2025-11-24 12:41:04
114,26,3049.0,NFLS,2026-01-06 12:20:47,Pune,ANDROID_A1,2026-01-06 12:20:49
115,6,1548.0,OLA CABS,2026-01-11 16:58:52,Pune,ANDROID_B2,2026-01-11 16:58:54
116,26,1968.0,AMAZON PAY,2026-01-15 10:55:43,Pune,ANDROID_B2,2026-01-15 10:55:45
117,28,1666.0,INOX,2025-12-06 08:07:29,Bangalore,IPHONE_X,2025-12-06 08:07:31
118,22,3418.0,BANK TX,2025-11-18 19:14:30,Delhi,ANDROID_A1,2025-11-18 19:14:32
119,20,956.0,INOX,2025-11-15 10:19:41,Pune,IPHONE_Y,2025-11-15 10:19:43
120,4,1296.0,UBR TRIP,2026-01-31 23:15:56,Hyderabad,ANDROID_A1,2026-01-31 23:15:58
121,5,3093.0,SPOT SUB,2025-12-21 21:41:06,Pune,ANDROID_B2,2025-12-21 21:41:08
122,20,49283.0,NETFLX,2025-12-18 02:15:54,Bangalore,NEW_DEVICE_4,2025-12-18 02:15:56
123,4,2691.0,BANK TX,2025-12-24 19:17:12,Delhi,ANDROID_A1,2025-12-24 19:17:14
124,28,2678.0,NFLS,2026-01-01 08:15:08,Hyderabad,ANDROID_A1,2026-01-01 08:15:10
125,7,934.0,ZMT*DEL,2026-01-25 15:50:57,Hyderabad,IPHONE_X,2026-01-25 15:50:59
126,1,2262.0,FLPKRT,2026-01-29 16:42:55,Delhi,ANDROID_B2,2026-01-29 16:42:57
127,5,1024.0,ZOM FOOD,2026-01-21 18:16:03,Mumbai,ANDROID_A1,2026-01-21 18:16:05
128,24,310.0,PRIME VID,2025-12-28 23:32:37,Delhi,IPHONE_Y,2025-12-28 23:32:39
129,15,227.0,PVR CIN,2025-11-22 17:01:03,Pune,IPHONE_Y,2025-11-22 17:01:05
130,28,2058.0,SPOT SUB,2026-02-02 22:20:38,Mumbai,ANDROID_A1,2026-02-02 22:20:40
131,3,2447.0,UBER *RIDE,2025-11-28 18:33:18,Pune,IPHONE_Y,2025-11-28 18:33:20
132,17,2924.0,BOOKMY,2025-12-19 11:28:56,Mumbai,ANDROID_B2,2025-12-19 11:28:58
133,14,3038.0,AMZN*ORD,2025-12-20 11:20:42,Bangalore,IPHONE_X,2025-12-20 11:20:44
134,12,30594.0,RPD AUTO,2026-01-31 01:47:47,Bangalore,NEW_DEVICE_4,2026-01-31 01:47:49
135,26,61804.0,UBR#TX,2025-12-22 03:22:55,Pune,NEW_DEVICE_1,2025-12-22 03:22:57
136,28,2509.0,UNKNOWN TXN,2026-01-30 17:36:32,Mumbai,IPHONE_X,2026-01-30 17:36:34
137,5,493.0,MISC PAY,2026-01-29 19:48:17,Hyderabad,IPHONE_X,2026-01-29 19:48:19
138,8,3402.0,PRIME VID,2026-02-09 08:11:17,Bangalore,IPHONE_X,2026-02-09 08:11:19
139,30,34388.0,AMAZON PAY,2026-01-25 04:47:40,Delhi,NEW_DEVICE_1,2026-01-25 04:47:42
140,3,1908.0,UPI DR,2025-12-27 18:19:46,Bangalore,ANDROID_B2,2025-12-27 18:19:48
141,25,265.0,MOVIE TKT,2025-11-25 12:03:43,Delhi,ANDROID_B2,2025-11-25 12:03:45
142,9,1860.0,SPOT SUB,2026-01-16 21:48:32,Delhi,IPHONE_X,2026-01-16 21:48:34
143,12,2829.0,NFLS,2026-02-07 23:14:25,Hyderabad,IPHONE_X,2026-02-07 23:14:27
144,2,915.0,SWIG INST,2026-01-06 12:20:07,Delhi,IPHONE_X,2026-01-06 12:20:09
145,16,1607.0,MISC PAY,2026-02-03 15:25:55,Delhi,IPHONE_X,2026-02-03 15:25:57
146,14,1332.0,SWIGGY #123,2025-11-23 21:26:18,Delhi,IPHONE_Y,2025-11-23 21:26:20
147,13,2581.0,ZOM FOOD,2026-02-01 22:27:54,Delhi,IPHONE_X,2026-02-01 22:27:56
148,8,372.0,PRIME VID,2025-12-31 20:14:21,Mumbai,IPHONE_X,2025-12-31 20:14:23
149,3,844.0,MOV TIX,2025-11-22 19:52:09,Mumbai,IPHONE_X,2025-11-22 19:52:11
150,4,2517.0,UBER *RIDE,2026-01-21 12:49:40,Pune,ANDROID_A1,2026-01-21 12:49:42
151,15,2362.0,MOVIE TKT,2026-01-24 18:28:04,Pune,IPHONE_X,2026-01-24 18:28:06
152,15,2472.0,BANK TX,2025-12-10 09:04:19,Pune,IPHONE_X,2025-12-10 09:04:21
153,15,1225.0,ZMT ORD,2025-11-26 10:38:32,Pune,ANDROID_A1,2025-11-26 10:38:34
154,15,3076.0,MOVIE TKT,2025-12-01 09:41:12,Bangalore,IPHONE_Y,2025-12-01 09:41:14
155,20,303.0,PRIME VID,2025-12-31 22:45:05,Hyderabad,ANDROID_A1,2025-12-31 22:45:07
156,21,1843.0,UBR TRIP,2025-12-28 22:23:58,Bangalore,ANDROID_B2,2025-12-28 22:24:00
157,13,264.0,NETFLX,2026-01-01 18:06:35,Pune,ANDROID_A1,2026-01-01 18:06:37
158,10,1415.0,FKRT BUY,2025-12-30 10:19:41,Pune,ANDROID_B2,2025-12-30 10:19:43
159,5,1592.0,MOV TIX,2025-11-19 18:44:53,Hyderabad,ANDROID_B2,2025-11-19 18:44:55
160,3,124.0,MISC PAY,2026-01-20 19:13:21,Pune,IPHONE_X,2026-01-20 19:13:23
161,7,1261.0,OLA CABS,2025-11-20 11:21:56,Hyderabad,ANDROID_A1,2025-11-20 11:21:58
162,5,790.0,BOOKMY,2026-02-07 13:26:23,Mumbai,IPHONE_Y,2026-02-07 13:26:25
163,15,3260.0,INOX,2025-12-06 22:15:19,Pune,ANDROID_B2,2025-12-06 22:15:21
164,29,2386.0,UBER *RIDE,2026-01-07 22:49:24,Hyderabad,IPHONE_Y,2026-01-07 22:49:26
165,17,3331.0,SPTFY,2026-02-06 12:41:30,Bangalore,IPHONE_X,2026-02-06 12:41:32
166,18,1217.0,ZMT*DEL,2026-01-09 10:28:57,Hyderabad,ANDROID_B2,2026-01-09 10:28:59
167,5,959.0,NFLS,2026-02-09 22:26:03,Pune,IPHONE_X,2026-02-09 22:26:05
168,17,384.0,FLPKRT,2026-02-09 19:20:59,Delhi,ANDROID_B2,2026-02-09 19:21:01
169,27,613.0,BANK TX,2025-12-14 09:44:53,Mumbai,IPHONE_X,2025-12-14 09:44:55
170,25,71.0,MISC PAY,2026-01-11 10:13:53,Mumbai,ANDROID_A1,2026-01-11 10:13:55
171,18,1230.0,MISC PAY,2026-01-28 15:03:15,Pune,IPHONE_X,2026-01-28 15:03:17
172,21,57756.0,BOOKMY,2025-12-01 01:15:45,Mumbai,NEW_DEVICE_5,2025-12-01 01:15:47
173,10,1035.0,NFLS,2025-11-19 21:42:05,Hyderabad,ANDROID_B2,2025-11-19 21:42:07
174,12,3271.0,ZMT*DEL,2025-12-14 08:02:40,Pune,IPHONE_Y,2025-12-14 08:02:42
175,12,326.0,AMZN MKTP,2025-11-20 19:40:06,Hyderabad,ANDROID_B2,2025-11-20 19:40:08
176,24,60783.0,FLPKRT,2025-11-17 03:29:44,Pune,NEW_DEVICE_2,2025-11-17 03:29:46
177,21,54994.0,OLA CABS,2026-01-18 01:02:50,Mumbai,NEW_DEVICE_3,2026-01-18 01:02:52
178,29,2161.0,ZOM FOOD,2026-01-11 20:02:48,Mumbai,IPHONE_Y,2026-01-11 20:02:50
179,10,1409.0,AMZN MKTP,2025-12-27 16:27:56,Pune,ANDROID_A1,2025-12-27 16:27:58
180,24,815.0,SPOT SUB,2025-12-27 23:59:51,Hyderabad,IPHONE_Y,2025-12-27 23:59:53
181,9,2517.0,SWIGGY #123,2026-01-02 13:06:05,Bangalore,IPHONE_X,2026-01-02 13:06:07
182,22,2989.0,AMAZON PAY,2025-11-16 21:28:22,Pune,ANDROID_B2,2025-11-16 21:28:24
183,2,1831.0,BANK TX,2026-02-03 16:42:40,Pune,ANDROID_A1,2026-02-03 16:42:42
184,12,634.0,PVR CIN,2026-01-27 22:04:15,Bangalore,ANDROID_A1,2026-01-27 22:04:17
185,12,35055.0,PRIME VID,2025-12-27 04:28:48,Delhi,NEW_DEVICE_3,2025-12-27 04:28:50
186,19,1337.0,UBR#TX,2026-01-29 16:01:47,Mumbai,ANDROID_B2,2026-01-29 16:01:49
187,16,532.0,BOOKMY,2025-12-17 16:13:39,Bangalore,IPHONE_X,2025-12-17 16:13:41
188,23,353.0,SPTFY,2025-12-18 22:05:51,Bangalore,ANDROID_B2,2025-12-18 22:05:53
189,22,1239.0,AMZN MKTP,2025-11-15 17:40:11,Bangalore,ANDROID_B2,2025-11-15 17:40:13
190,17,3294.0,UBR TRIP,2025-12-11 12:01:23,Hyderabad,ANDROID_B2,2025-12-11 12:01:25
191,19,2309.0,AMZN*ORD,2026-02-04 12:19:25,Pune,ANDROID_A1,2026-02-04 12:19:27
192,17,352.0,SPOT SUB,2025-11-22 12:04:28,Pune,IPHONE_X,2025-11-22 12:04:30
193,22,3445.0,INOX,2025-12-19 13:32:58,Delhi,ANDROID_B2,2025-12-19 13:33:00
194,27,724.0,ZMT*DEL,2026-01-15 13:22:33,Bangalore,IPHONE_X,2026-01-15 13:22:35
195,28,2306.0,ZOM FOOD,2025-11-24 16:19:39,Hyderabad,ANDROID_B2,2025-11-24 16:19:41
196,3,2428.0,PVR CIN,2025-11-20 12:39:46,Hyderabad,ANDROID_B2,2025-11-20 12:39:48
197,11,166.0,MOV TIX,2025-11-22 10:49:36,Bangalore,ANDROID_A1,2025-11-22 10:49:38
198,21,2667.0,UBR#TX,2025-11-24 08:34:18,Bangalore,IPHONE_Y,2025-11-24 08:34:20
199,16,348.0,RPD AUTO,2025-12-18 09:26:30,Pune,ANDROID_B2,2025-12-18 09:26:32
200,7,2992.0,FKRT BUY,2025-12-23 18:08:48,Bangalore,IPHONE_X,2025-12-23 18:08:50
201,17,1960.0,MOV TIX,2025-12-17 11:15:09,Delhi,IPHONE_X,2025-12-17 11:15:11
202,2,1762.0,AMZN*ORD,2026-01-02 15:59:36,Bangalore,ANDROID_B2,2026-01-02 15:59:38
203,7,1962.0,RPD AUTO,2025-12-11 23:01:05,Pune,IPHONE_X,2025-12-11 23:01:07
204,17,1495.0,SPTFY,2026-01-07 09:31:38,Pune,ANDROID_A1,2026-01-07 09:31:40
205,10,1815.0,MOV TIX,2025-12-28 12:48:25,Bangalore,IPHONE_X,2025-12-28 12:48:27
206,2,847.0,NFLS,2026-02-03 19:24:32,Pune,IPHONE_X,2026-02-03 19:24:34
207,25,2602.0,INOX,2026-01-31 11:25:23,Bangalore,ANDROID_B2,2026-01-31 11:25:25
208,18,2135.0,FLPKRT,2026-02-07 20:02:08,Bangalore,ANDROID_A1,2026-02-07 20:02:10
209,26,2533.0,PRIME VID,2025-11-26 12:20:10,Pune,IPHONE_X,2025-11-26 12:20:12
210,20,2127.0,BANK TX,2025-12-14 23:52:01,Bangalore,IPHONE_X,2025-12-14 23:52:03
211,11,2440.0,UNKNOWN TXN,2025-11-28 17:30:16,Hyderabad,ANDROID_A1,2025-11-28 17:30:18
212,19,748.0,UBR TRIP,2025-11-17 20:15:02,Hyderabad,ANDROID_B2,2025-11-17 20:15:04
213,23,45558.0,SWIG INST,2025-12-22 04:44:13,Pune,NEW_DEVICE_2,2025-12-22 04:44:15
214,17,3063.0,BOOKMY,2025-12-08 09:13:35,Bangalore,ANDROID_B2,2025-12-08 09:13:37
215,22,759.0,PRIME VID,2025-12-05 22:22:43,Bangalore,IPHONE_X,2025-12-05 22:22:45
216,20,1192.0,SPTFY,2026-01-05 17:49:18,Mumbai,ANDROID_B2,2026-01-05 17:49:20
217,23,1478.0,MISC PAY,2026-01-28 16:36:43,Hyderabad,IPHONE_X,2026-01-28 16:36:45
218,13,3345.0,NETFLX,2026-02-07 12:18:45,Delhi,IPHONE_X,2026-02-07 12:18:47
219,12,926.0,NETFLX,2025-12-03 14:44:17,Mumbai,IPHONE_X,2025-12-03 14:44:19
220,4,257.0,MOVIE TKT,2026-02-06 15:06:26,Bangalore,ANDROID_B2,2026-02-06 15:06:28
221,23,613.0,NFLS,2025-12-22 08:41:59,Pune,ANDROID_B2,2025-12-22 08:42:01
222,16,1226.0,UPI DR,2025-11-22 18:03:58,Delhi,IPHONE_X,2025-11-22 18:04:00
223,21,3011.0,PVR CIN,2025-12-21 09:56:53,Mumbai,ANDROID_B2,2025-12-21 09:56:55
224,30,813.0,SWIGGY #123,2026-02-11 17:19:36,Hyderabad,ANDROID_A1,2026-02-11 17:19:38
225,4,2676.0,AMAZON PAY,2025-12-10 23:29:17,Mumbai,ANDROID_B2,2025-12-10 23:29:19
226,26,1929.0,ZOM FOOD,2026-02-11 16:47:21,Bangalore,ANDROID_B2,2026-02-11 16:47:23
227,19,2666.0,UPI DR,2025-12-09 20:20:05,Pune,IPHONE_Y,2025-12-09 20:20:07
228,22,2005.0,SWIG INST,2026-02-12 18:16:24,Mumbai,ANDROID_B2,2026-02-12 18:16:26
229,15,3010.0,AMAZON PAY,2025-11-21 08:23:44,Mumbai,IPHONE_X,2025-11-21 08:23:46
230,2,704.0,UNKNOWN TXN,2025-11-16 20:07:40,Bangalore,IPHONE_X,2025-11-16 20:07:42
231,12,597.0,PVR CIN,2025-12-16 23:47:38,Bangalore,ANDROID_B2,2025-12-16 23:47:40
232,14,3334.0,MISC PAY,2025-11-17 14:48:38,Delhi,ANDROID_B2,2025-11-17 14:48:40
233,17,369.0,PRIME VID,2025-12-04 11:57:32,Mumbai,ANDROID_A1,2025-12-04 11:57:34
234,19,2181.0,PVR CIN,2025-11-17 22:13:45,Hyderabad,ANDROID_A1,2025-11-17 22:13:47
235,16,277.0,ZMT*DEL,2025-12-09 22:26:29,Hyderabad,ANDROID_B2,2025-12-09 22:26:31
236,2,1312.0,BOOKMY,2026-01-11 08:52:00,Mumbai,IPHONE_Y,2026-01-11 08:52:02
237,19,2918.0,ZMT ORD,2026-02-04 10:59:30,Delhi,ANDROID_A1,2026-02-04 10:59:32
238,10,3186.0,SPTFY,2025-12-26 21:28:55,Pune,IPHONE_X,2025-12-26 21:28:57
239,13,1474.0,ZMT*DEL,2025-12-06 11:25:33,Mumbai,ANDROID_B2,2025-12-06 11:25:35
240,24,1272.0,UBR TRIP,2025-12-06 22:24:52,Mumbai,IPHONE_Y,2025-12-06 22:24:54
241,8,822.0,NETFLX,2025-11-20 11:26:39,Delhi,ANDROID_A1,2025-11-20 11:26:41
242,8,187.0,UBR TRIP,2026-01-12 22:47:02,Pune,ANDROID_A1,2026-01-12 22:47:04
243,15,3228.0,UBR#TX,2025-12-10 09:18:14,Hyderabad,ANDROID_B2,2025-12-10 09:18:16
244,11,3402.0,MOVIE TKT,2026-01-05 18:56:09,Hyderabad,ANDROID_B2,2026-01-05 18:56:11
245,8,2330.0,NETFLX,2025-12-03 13:31:03,Bangalore,IPHONE_Y,2025-12-03 13:31:05
246,21,1355.0,MISC PAY,2026-01-24 21:19:24,Mumbai,IPHONE_Y,2026-01-24 21:19:26
247,25,973.0,BOOKMY,2025-12-15 17:58:03,Hyderabad,ANDROID_B2,2025-12-15 17:58:05
248,14,1640.0,PRIME VID,2026-01-17 15:21:41,Delhi,IPHONE_X,2026-01-17 15:21:43
249,30,3017.0,NETFLX,2026-01-09 14:24:43,Hyderabad,ANDROID_A1,2026-01-09 14:24:45
250,20,3169.0,ZMT ORD,2026-01-17 14:55:58,Bangalore,IPHONE_Y,2026-01-17 14:56:00
251,10,3087.0,SWIG INST,2026-01-12 11:44:38,Mumbai,IPHONE_Y,2026-01-12 11:44:40
252,13,1209.0,UBR#TX,2025-12-06 20:41:22,Bangalore,IPHONE_Y,2025-12-06 20:41:24
253,9,1958.0,FKRT BUY,2026-01-03 11:58:13,Bangalore,IPHONE_Y,2026-01-03 11:58:15
254,11,956.0,NFLS,2026-01-10 12:35:59,Hyderabad,ANDROID_A1,2026-01-10 12:36:01
255,19,853.0,MISC PAY,2025-12-26 18:36:53,Mumbai,ANDROID_B2,2025-12-26 18:36:55
256,16,3415.0,INOX,2025-12-16 23:10:46,Bangalore,IPHONE_Y,2025-12-16 23:10:48
257,6,2270.0,UBR#TX,2026-02-03 09:52:42,Delhi,ANDROID_A1,2026-02-03 09:52:44
258,25,2633.0,SWIGGY #123,2026-01-24 15:00:13,Hyderabad,ANDROID_A1,2026-01-24 15:00:15
259,15,2781.0,AMZN MKTP,2026-02-10 23:00:34,Hyderabad,IPHONE_Y,2026-02-10 23:00:36
260,14,1175.0,ZMT ORD,2025-12-10 17:52:44,Pune,ANDROID_A1,2025-12-10 17:52:46
261,26,2197.0,UBR TRIP,2026-01-19 12:39:33,Bangalore,ANDROID_B2,2026-01-19 12:39:35
262,27,373.0,AMAZON PAY,2025-12-16 19:36:15,Mumbai,IPHONE_Y,2025-12-16 19:36:17
263,10,2711.0,UNKNOWN TXN,2025-12-23 09:24:24,Hyderabad,ANDROID_A1,2025-12-23 09:24:26
264,16,388.0,ZMT ORD,2025-11-22 23:50:21,Hyderabad,IPHONE_Y,2025-11-22 23:50:23
265,28,991.0,ZMT*DEL,2026-01-09 14:02:59,Delhi,IPHONE_Y,2026-01-09 14:03:01
266,22,184.0,FKRT BUY,2026-02-10 13:13:37,Mumbai,IPHONE_X,2026-02-10 13:13:39
267,25,1275.0,MISC PAY,2025-12-02 13:53:54,Pune,ANDROID_B2,2025-12-02 13:53:56
268,22,3079.0,INOX,2025-12-10 12:47:22,Delhi,ANDROID_A1,2025-12-10 12:47:24
269,4,1445.0,SPTFY,2026-02-09 20:40:17,Pune,IPHONE_X,2026-02-09 20:40:19
270,16,1587.0,UBER *RIDE,2025-11-17 21:37:42,Pune,ANDROID_B2,2025-11-17 21:37:44
271,3,2970.0,INOX,2026-01-09 10:09:24,Mumbai,ANDROID_A1,2026-01-09 10:09:26
272,24,424.0,NETFLX,2025-12-18 08:23:48,Bangalore,IPHONE_X,2025-12-18 08:23:50
273,4,1888.0,UBR TRIP,2026-02-09 21:05:22,Hyderabad,ANDROID_A1,2026-02-09 21:05:24
274,3,1627.0,MOVIE TKT,2025-12-22 08:24:49,Delhi,IPHONE_X,2025-12-22 08:24:51
275,24,744.0,PVR CIN,2026-01-26 20:17:19,Bangalore,ANDROID_B2,2026-01-26 20:17:21
276,16,1180.0,UBR TRIP,2025-12-13 21:50:04,Bangalore,IPHONE_X,2025-12-13 21:50:06
277,9,850.0,RPD AUTO,2026-01-26 22:19:00,Pune,ANDROID_A1,2026-01-26 22:19:02
278,11,1399.0,BOOKMY,2025-12-19 22:52:52,Hyderabad,IPHONE_X,2025-12-19 22:52:54
279,5,2897.0,AMAZON PAY,2026-01-03 14:11:25,Bangalore,IPHONE_Y,2026-01-03 14:11:27
280,10,3252.0,MISC PAY,2025-12-26 15:17:52,Pune,IPHONE_X,2025-12-26 15:17:54
281,12,2284.0,ZMT*DEL,2025-12-15 13:45:13,Pune,ANDROID_A1,2025-12-15 13:45:15
282,26,3309.0,AMZN MKTP,2026-01-26 21:40:19,Mumbai,IPHONE_Y,2026-01-26 21:40:21
283,9,3282.0,UPI DR,2025-12-17 20:38:30,Hyderabad,ANDROID_A1,2025-12-17 20:38:32
284,13,2883.0,MOVIE TKT,2025-12-28 21:44:57,Hyderabad,ANDROID_A1,2025-12-28 21:44:59
285,20,1066.0,UNKNOWN TXN,2025-11-22 19:39:02,Hyderabad,ANDROID_B2,2025-11-22 19:39:04
286,21,1408.0,MISC PAY,2026-02-11 21:06:16,Mumbai,ANDROID_A1,2026-02-11 21:06:18
287,17,1652.0,UPI DR,2025-12-30 22:01:30,Delhi,ANDROID_B2,2025-12-30 22:01:32
288,10,3040.0,NFLS,2026-01-04 12:21:29,Mumbai,IPHONE_X,2026-01-04 12:21:31
289,17,1844.0,NETFLX,2026-02-04 22:19:02,Delhi,IPHONE_X,2026-02-04 22:19:04
290,1,723.0,AMZN MKTP,2025-12-04 15:10:21,Hyderabad,ANDROID_B2,2025-12-04 15:10:23
291,14,2629.0,SPTFY,2025-11-23 13:42:27,Pune,ANDROID_B2,2025-11-23 13:42:29
292,1,1809.0,UPI DR,2026-01-16 20:13:17,Delhi,ANDROID_A1,2026-01-16 20:13:19
293,19,1385.0,ZMT*DEL,2026-01-29 14:16:42,Pune,IPHONE_Y,2026-01-29 14:16:44
294,17,2553.0,BANK TX,2025-12-30 20:22:54,Pune,ANDROID_A1,2025-12-30 20:22:56
295,20,2467.0,UBER *RIDE,2026-01-03 10:07:15,Bangalore,ANDROID_B2,2026-01-03 10:07:17
296,4,2142.0,UBER *RIDE,2025-11-28 20:08:36,Pune,IPHONE_Y,2025-11-28 20:08:38
297,14,2890.0,RPD AUTO,2025-12-12 13:18:08,Mumbai,ANDROID_B2,2025-12-12 13:18:10
298,11,48529.0,PRIME VID,2026-01-26 01:12:52,Pune,NEW_DEVICE_4,2026-01-26 01:12:54
299,18,2064.0,BOOKMY,2025-12-12 21:10:05,Hyderabad,IPHONE_Y,2025-12-12 21:10:07
300,1,39735.0,UBER *RIDE,2025-12-16 03:36:47,Pune,NEW_DEVICE_2,2025-12-16 03:36:49
301,18,1147.0,MOV TIX,2025-12-18 19:34:13,Pune,ANDROID_A1,2025-12-18 19:34:15
302,4,182.0,UPI DR,2025-12-30 22:55:52,Delhi,IPHONE_X,2025-12-30 22:55:54
303,15,3071.0,SWIG INST,2026-01-22 19:39:08,Mumbai,IPHONE_Y,2026-01-22 19:39:10
304,27,2230.0,UBR TRIP,2026-01-02 16:45:18,Bangalore,ANDROID_B2,2026-01-02 16:45:20
305,19,2832.0,FKRT BUY,2025-12-22 11:58:03,Bangalore,ANDROID_B2,2025-12-22 11:58:05
306,28,593.0,UPI DR,2026-01-02 15:53:15,Pune,ANDROID_B2,2026-01-02 15:53:17
307,16,2621.0,UBR#TX,2025-12-17 21:04:40,Delhi,IPHONE_Y,2025-12-17 21:04:42
308,13,1561.0,INOX,2026-01-02 22:37:00,Delhi,IPHONE_Y,2026-01-02 22:37:02
309,24,3309.0,NETFLX,2025-12-20 20:52:13,Pune,ANDROID_B2,2025-12-20 20:52:15
310,9,2417.0,AMAZON PAY,2025-12-31 12:57:43,Delhi,IPHONE_Y,2025-12-31 12:57:45
311,2,35353.0,SWIGGY #123,2026-02-12 04:27:12,Mumbai,NEW_DEVICE_4,2026-02-12 04:27:14
312,29,1172.0,BANK TX,2026-01-11 10:05:23,Mumbai,IPHONE_X,2026-01-11 10:05:25
313,2,3143.0,NETFLX,2025-11-21 15:05:45,Delhi,IPHONE_Y,2025-11-21 15:05:47
314,1,2481.0,RPD AUTO,2026-02-11 15:00:44,Bangalore,IPHONE_Y,2026-02-11 15:00:46
315,27,2006.0,SWIGGY #123,2025-12-25 10:05:46,Delhi,ANDROID_B2,2025-12-25 10:05:48
316,4,611.0,AMAZON PAY,2025-11-22 20:43:09,Delhi,ANDROID_B2,2025-11-22 20:43:11
317,17,722.0,MOV TIX,2026-01-16 22:40:47,Mumbai,IPHONE_X,2026-01-16 22:40:49
318,30,939.0,PRIME VID,2026-01-26 10:48:07,Hyderabad,ANDROID_A1,2026-01-26 10:48:09
319,24,1338.0,NETFLX,2026-01-08 12:41:05,Mumbai,ANDROID_B2,2026-01-08 12:41:07
320,18,1217.0,MOVIE TKT,2026-01-17 08:33:38,Hyderabad,IPHONE_X,2026-01-17 08:33:40
321,7,273.0,MISC PAY,2025-12-25 15:07:15,Pune,IPHONE_Y,2025-12-25 15:07:17
322,21,99.0,MOV TIX,2026-01-27 19:24:55,Hyderabad,IPHONE_X,2026-01-27 19:24:57
323,14,3174.0,FKRT BUY,2026-02-10 23:37:04,Delhi,ANDROID_A1,2026-02-10 23:37:06
324,9,3282.0,UBR TRIP,2025-11-24 20:45:32,Pune,IPHONE_X,2025-11-24 20:45:34
325,14,2247.0,MISC PAY,2026-02-02 12:19:05,Hyderabad,IPHONE_X,2026-02-02 12:19:07
326,30,1650.0,OLA CABS,2025-11-15 10:27:46,Mumbai,IPHONE_X,2025-11-15 10:27:48
327,2,525.0,UBR TRIP,2026-01-04 22:42:47,Mumbai,ANDROID_A1,2026-01-04 22:42:49
328,4,721.0,SWIG INST,2025-12-08 23:33:50,Bangalore,IPHONE_X,2025-12-08 23:33:52
329,6,1150.0,FLPKRT,2026-01-01 11:51:27,Bangalore,ANDROID_A1,2026-01-01 11:51:29
330,17,2411.0,ZOM FOOD,2025-12-16 10:32:23,Delhi,IPHONE_Y,2025-12-16 10:32:25
331,16,1094.0,PVR CIN,2026-01-14 11:47:32,Delhi,ANDROID_A1,2026-01-14 11:47:34
332,2,48853.0,SWIG INST,2026-01-21 04:59:54,Delhi,NEW_DEVICE_2,2026-01-21 04:59:56
333,18,1066.0,MISC PAY,2026-01-09 21:52:04,Hyderabad,IPHONE_X,2026-01-09 21:52:06
334,12,265.0,ZMT*DEL,2025-12-08 13:02:25,Delhi,ANDROID_B2,2025-12-08 13:02:27
335,29,1322.0,NETFLX,2025-12-04 18:29:00,Bangalore,ANDROID_A1,2025-12-04 18:29:02
336,7,3079.0,FKRT BUY,2025-12-27 15:37:31,Mumbai,IPHONE_Y,2025-12-27 15:37:33
337,24,1729.0,PVR CIN,2025-12-05 08:22:40,Delhi,ANDROID_B2,2025-12-05 08:22:42
338,11,3028.0,SWIGGY #123,2026-01-17 17:33:15,Pune,ANDROID_A1,2026-01-17 17:33:17
339,16,431.0,SWIG INST,2025-12-08 09:26:44,Bangalore,ANDROID_B2,2025-12-08 09:26:46
340,15,2120.0,UNKNOWN TXN,2026-02-03 12:37:36,Delhi,IPHONE_Y,2026-02-03 12:37:38
341,14,1119.0,UPI DR,2025-11-15 18:53:47,Bangalore,IPHONE_Y,2025-11-15 18:53:49
342,11,880.0,NETFLX,2026-01-24 12:06:10,Pune,ANDROID_A1,2026-01-24 12:06:12
343,15,1517.0,AMZN*ORD,2026-01-04 14:29:16,Delhi,IPHONE_Y,2026-01-04 14:29:18
344,3,2904.0,UBER *RIDE,2026-01-02 09:09:05,Mumbai,ANDROID_B2,2026-01-02 09:09:07
345,12,44584.0,PRIME VID,2026-02-09 03:25:54,Pune,NEW_DEVICE_2,2026-02-09 03:25:56
346,18,467.0,UPI DR,2026-02-11 12:03:53,Mumbai,ANDROID_A1,2026-02-11 12:03:55
347,5,2631.0,RPD AUTO,2026-02-03 10:01:04,Mumbai,IPHONE_X,2026-02-03 10:01:06
348,29,426.0,MISC PAY,2026-02-07 18:29:03,Mumbai,ANDROID_A1,2026-02-07 18:29:05
349,30,1667.0,BOOKMY,2025-12-26 23:43:27,Mumbai,ANDROID_A1,2025-12-26 23:43:29
350,12,1876.0,OLA CABS,2025-11-26 12:39:39,Mumbai,ANDROID_A1,2025-11-26 12:39:41
351,21,2305.0,AMZN*ORD,2026-02-01 23:17:24,Mumbai,ANDROID_A1,2026-02-01 23:17:26
352,14,3335.0,UBR#TX,2025-12-29 08:30:34,Pune,IPHONE_Y,2025-12-29 08:30:36
353,12,1157.0,MOVIE TKT,2026-01-03 13:38:14,Delhi,ANDROID_A1,2026-01-03 13:38:16
354,29,1982.0,AMZN MKTP,2026-01-23 19:06:15,Mumbai,ANDROID_B2,2026-01-23 19:06:17
355,9,948.0,MOV TIX,2026-01-21 20:11:15,Hyderabad,IPHONE_X,2026-01-21 20:11:17
356,11,165.0,BANK TX,2025-12-02 19:12:53,Pune,ANDROID_B2,2025-12-02 19:12:55
357,18,419.0,FLPKRT,2025-11-27 09:14:01,Hyderabad,ANDROID_B2,2025-11-27 09:14:03
358,16,875.0,ZOM FOOD,2026-01-21 12:58:51,Bangalore,IPHONE_X,2026-01-21 12:58:53
359,2,630.0,SWIG INST,2026-02-03 11:23:45,Pune,IPHONE_X,2026-02-03 11:23:47
360,19,608.0,ZOM FOOD,2025-11-23 13:31:41,Bangalore,IPHONE_Y,2025-11-23 13:31:43
361,6,2462.0,BANK TX,2026-01-04 13:46:44,Bangalore,IPHONE_Y,2026-01-04 13:46:46
362,5,2396.0,UBR TRIP,2026-01-20 20:38:20,Hyderabad,ANDROID_A1,2026-01-20 20:38:22
363,8,626.0,UNKNOWN TXN,2026-01-13 18:22:20,Mumbai,ANDROID_A1,2026-01-13 18:22:22
364,21,1136.0,ZOM FOOD,2025-11-16 14:04:22,Bangalore,ANDROID_B2,2025-11-16 14:04:24
365,26,53719.0,ZMT ORD,2025-12-22 04:31:56,Pune,NEW_DEVICE_2,2025-12-22 04:31:58
366,12,2013.0,BOOKMY,2025-12-17 15:04:51,Delhi,ANDROID_B2,2025-12-17 15:04:53
367,10,478.0,ZOM FOOD,2026-01-22 10:56:24,Mumbai,IPHONE_X,2026-01-22 10:56:26
368,24,431.0,ZMT*DEL,2026-02-09 18:27:41,Mumbai,IPHONE_Y,2026-02-09 18:27:43
369,20,46698.0,SPTFY,2025-12-22 02:44:35,Hyderabad,NEW_DEVICE_2,2025-12-22 02:44:37
370,9,442.0,BANK TX,2025-12-01 09:35:53,Pune,IPHONE_Y,2025-12-01 09:35:55
371,5,30742.0,ZOM FOOD,2025-12-13 03:12:06,Delhi,NEW_DEVICE_5,2025-12-13 03:12:08
372,7,1989.0,UBER *RIDE,2025-12-24 11:30:31,Bangalore,IPHONE_X,2025-12-24 11:30:33
373,3,1612.0,MISC PAY,2025-12-17 19:02:16,Pune,ANDROID_B2,2025-12-17 19:02:18
374,15,2361.0,FLPKRT,2025-11-15 09:42:06,Delhi,ANDROID_B2,2025-11-15 09:42:08
375,22,3148.0,FKRT BUY,2025-12-25 15:52:33,Pune,ANDROID_A1,2025-12-25 15:52:35
376,18,1015.0,MISC PAY,2026-02-02 23:25:57,Delhi,IPHONE_X,2026-02-02 23:25:59
377,17,2825.0,MOVIE TKT,2025-12-17 12:11:10,Mumbai,ANDROID_A1,2025-12-17 12:11:12
378,26,30135.0,OLA CABS,2025-11-24 04:09:53,Hyderabad,NEW_DEVICE_2,2025-11-24 04:09:55
379,9,2328.0,AMZN MKTP,2026-01-08 20:33:29,Delhi,IPHONE_X,2026-01-08 20:33:31
380,26,662.0,MISC PAY,2026-01-30 12:36:49,Delhi,ANDROID_A1,2026-01-30 12:36:51
381,26,1733.0,FKRT BUY,2025-11-21 16:31:36,Hyderabad,IPHONE_Y,2025-11-21 16:31:38
382,16,639.0,SWIG INST,2025-12-24 20:56:56,Bangalore,ANDROID_A1,2025-12-24 20:56:58
383,23,1150.0,UBR TRIP,2025-12-31 19:52:50,Bangalore,ANDROID_A1,2025-12-31 19:52:52
384,10,2855.0,AMZN*ORD,2026-01-26 11:19:47,Pune,ANDROID_B2,2026-01-26 11:19:49
385,25,2527.0,AMAZON PAY,2025-12-18 10:13:58,Pune,ANDROID_B2,2025-12-18 10:14:00
386,24,3412.0,PRIME VID,2026-02-04 09:19:45,Hyderabad,ANDROID_B2,2026-02-04 09:19:47
387,13,168.0,UBR#TX,2026-01-18 13:53:03,Mumbai,ANDROID_B2,2026-01-18 13:53:05
388,2,2936.0,NFLS,2025-12-27 14:52:29,Hyderabad,IPHONE_X,2025-12-27 14:52:31
389,13,1040.0,UNKNOWN TXN,2025-11-28 19:28:11,Pune,IPHONE_Y,2025-11-28 19:28:13
390,19,3481.0,INOX,2026-01-07 16:01:24,Delhi,ANDROID_A1,2026-01-07 16:01:26
391,6,2701.0,PVR CIN,2026-01-09 15:41:26,Hyderabad,ANDROID_B2,2026-01-09 15:41:28
392,1,591.0,UNKNOWN TXN,2026-01-15 13:16:38,Bangalore,ANDROID_A1,2026-01-15 13:16:40
393,23,1592.0,BANK TX,2026-01-11 19:13:29,Bangalore,IPHONE_Y,2026-01-11 19:13:31
394,22,469.0,MOVIE TKT,2025-12-03 08:41:38,Hyderabad,IPHONE_X,2025-12-03 08:41:40
395,10,1427.0,AMZN MKTP,2026-01-08 16:16:41,Bangalore,IPHONE_X,2026-01-08 16:16:43
396,7,282.0,UBR#TX,2025-11-17 20:08:46,Delhi,IPHONE_X,2025-11-17 20:08:48
397,21,1764.0,NETFLX,2026-02-08 20:37:45,Hyderabad,IPHONE_Y,2026-02-08 20:37:47
398,27,960.0,UBER *RIDE,2025-12-10 23:19:54,Mumbai,IPHONE_X,2025-12-10 23:19:56
399,27,1978.0,UPI DR,2025-12-03 12:48:58,Mumbai,IPHONE_X,2025-12-03 12:49:00
400,22,964.0,AMZN MKTP,2026-01-01 17:23:16,Hyderabad,IPHONE_Y,2026-01-01 17:23:18
401,10,2648.0,NFLS,2026-01-19 10:32:07,Pune,IPHONE_Y,2026-01-19 10:32:09
402,17,34881.0,AMZN*ORD,2025-12-31 02:26:36,Pune,NEW_DEVICE_2,2025-12-31 02:26:38
403,5,2047.0,FLPKRT,2026-01-03 18:40:03,Delhi,ANDROID_B2,2026-01-03 18:40:05
404,15,740.0,FLPKRT,2026-02-01 13:08:39,Pune,IPHONE_Y,2026-02-01 13:08:41
405,21,2005.0,SPOT SUB,2026-02-08 20:34:12,Bangalore,ANDROID_A1,2026-02-08 20:34:14
406,1,2821.0,FKRT BUY,2026-01-15 08:44:56,Bangalore,ANDROID_B2,2026-01-15 08:44:58
407,10,2461.0,UBR TRIP,2026-02-04 17:52:02,Bangalore,ANDROID_B2,2026-02-04 17:52:04
408,10,1433.0,PRIME VID,2025-12-31 21:57:31,Bangalore,ANDROID_B2,2025-12-31 21:57:33
409,25,3375.0,OLA CABS,2026-01-14 20:14:46,Mumbai,ANDROID_A1,2026-01-14 20:14:48
410,7,742.0,UNKNOWN TXN,2025-11-21 11:50:02,Pune,IPHONE_X,2025-11-21 11:50:04
411,29,2602.0,BANK TX,2025-11-20 09:06:41,Delhi,ANDROID_A1,2025-11-20 09:06:43
412,2,1607.0,UNKNOWN TXN,2025-12-14 11:44:09,Mumbai,IPHONE_X,2025-12-14 11:44:11
413,23,2760.0,UNKNOWN TXN,2025-11-25 11:38:44,Mumbai,IPHONE_X,2025-11-25 11:38:46
414,14,532.0,ZMT*DEL,2026-01-30 17:31:12,Hyderabad,ANDROID_A1,2026-01-30 17:31:14
415,7,1516.0,FKRT BUY,2026-01-23 21:02:35,Pune,IPHONE_X,2026-01-23 21:02:37
416,30,61.0,RPD AUTO,2026-01-29 08:53:36,Pune,ANDROID_A1,2026-01-29 08:53:38
417,5,3013.0,ZMT*DEL,2025-11-22 11:14:29,Bangalore,IPHONE_X,2025-11-22 11:14:31
418,9,765.0,NFLS,2025-12-28 09:51:43,Bangalore,IPHONE_X,2025-12-28 09:51:45
419,14,3155.0,UNKNOWN TXN,2026-01-26 09:42:41,Mumbai,ANDROID_A1,2026-01-26 09:42:43
420,11,1148.0,AMZN*ORD,2025-12-31 10:11:07,Pune,IPHONE_X,2025-12-31 10:11:09
421,13,2875.0,NETFLX,2025-11-21 23:56:51,Mumbai,IPHONE_Y,2025-11-21 23:56:53
422,4,702.0,UBR TRIP,2025-11-29 11:30:51,Hyderabad,IPHONE_Y,2025-11-29 11:30:53
423,22,3241.0,SPTFY,2025-11-17 19:56:53,Mumbai,ANDROID_A1,2025-11-17 19:56:55
424,16,1855.0,NFLS,2026-01-10 09:41:20,Delhi,ANDROID_A1,2026-01-10 09:41:22
425,23,2793.0,UPI DR,2025-12-19 18:42:46,Mumbai,ANDROID_A1,2025-12-19 18:42:48
426,16,3435.0,AMZN*ORD,2025-11-22 09:59:10,Hyderabad,ANDROID_A1,2025-11-22 09:59:12
427,28,356.0,SPOT SUB,2026-01-13 23:21:17,Delhi,IPHONE_X,2026-01-13 23:21:19
428,17,1701.0,UBR#TX,2025-12-16 15:28:51,Hyderabad,ANDROID_A1,2025-12-16 15:28:53
429,15,536.0,SWIGGY #123,2026-01-30 23:25:26,Delhi,ANDROID_A1,2026-01-30 23:25:28
430,18,3293.0,MOV TIX,2025-11-21 17:42:29,Bangalore,ANDROID_B2,2025-11-21 17:42:31
431,12,1409.0,SWIG INST,2025-12-17 23:07:06,Mumbai,IPHONE_X,2025-12-17 23:07:08
432,1,3326.0,AMAZON PAY,2025-11-15 17:06:02,Mumbai,IPHONE_X,2025-11-15 17:06:04
433,16,2552.0,RPD AUTO,2026-01-28 14:59:54,Pune,ANDROID_B2,2026-01-28 14:59:56
434,7,491.0,SPTFY,2025-11-23 21:53:43,Hyderabad,ANDROID_A1,2025-11-23 21:53:45
435,4,2115.0,SPOT SUB,2026-02-12 12:33:47,Delhi,IPHONE_Y,2026-02-12 12:33:49
436,18,2132.0,PRIME VID,2026-01-27 13:06:24,Hyderabad,ANDROID_B2,2026-01-27 13:06:26
437,20,1764.0,FKRT BUY,2025-12-24 15:21:18,Pune,IPHONE_X,2025-12-24 15:21:20
438,26,2917.0,OLA CABS,2025-12-04 17:40:13,Mumbai,IPHONE_X,2025-12-04 17:40:15
439,7,2804.0,INOX,2025-12-10 12:34:44,Bangalore,ANDROID_B2,2025-12-10 12:34:46
440,23,2437.0,ZOM FOOD,2025-12-20 21:51:00,Hyderabad,IPHONE_X,2025-12-20 21:51:02
441,4,2795.0,SWIGGY #123,2026-01-09 09:48:50,Mumbai,ANDROID_B2,2026-01-09 09:48:52
442,10,304.0,BANK TX,2025-12-05 17:02:22,Pune,ANDROID_B2,2025-12-05 17:02:24
443,4,3090.0,MOVIE TKT,2025-12-09 20:50:50,Bangalore,ANDROID_B2,2025-12-09 20:50:52
444,23,1637.0,UNKNOWN TXN,2025-12-04 21:03:00,Bangalore,IPHONE_X,2025-12-04 21:03:02
445,7,2645.0,BOOKMY,2026-01-19 19:18:28,Mumbai,ANDROID_B2,2026-01-19 19:18:30
446,22,3060.0,SWIG INST,2026-02-07 11:27:17,Hyderabad,IPHONE_Y,2026-02-07 11:27:19
447,9,1094.0,OLA CABS,2025-12-15 08:45:59,Mumbai,IPHONE_X,2025-12-15 08:46:01
448,2,3218.0,UBER *RIDE,2025-12-01 17:35:22,Delhi,IPHONE_Y,2025-12-01 17:35:24
449,26,803.0,BANK TX,2025-12-21 10:34:34,Pune,ANDROID_B2,2025-12-21 10:34:36
450,3,2767.0,FLPKRT,2025-12-28 18:18:13,Hyderabad,IPHONE_X,2025-12-28 18:18:15
451,17,2709.0,PRIME VID,2025-11-19 08:22:28,Mumbai,ANDROID_A1,2025-11-19 08:22:30
452,29,2845.0,UPI DR,2026-01-29 18:24:16,Hyderabad,IPHONE_Y,2026-01-29 18:24:18
453,24,3417.0,AMZN MKTP,2025-12-12 19:02:18,Mumbai,IPHONE_Y,2025-12-12 19:02:20
454,11,735.0,MOV TIX,2026-01-17 08:42:40,Mumbai,ANDROID_A1,2026-01-17 08:42:42
455,28,892.0,MISC PAY,2025-11-17 21:09:01,Pune,ANDROID_A1,2025-11-17 21:09:03
456,23,272.0,AMZN MKTP,2025-12-03 13:04:36,Mumbai,IPHONE_X,2025-12-03 13:04:38
457,30,2631.0,AMZN*ORD,2026-01-03 20:01:24,Delhi,IPHONE_Y,2026-01-03 20:01:26
458,18,63378.0,ZMT*DEL,2025-12-29 01:59:32,Delhi,NEW_DEVICE_1,2025-12-29 01:59:34
459,10,1203.0,BANK TX,2025-12-24 22:52:42,Delhi,IPHONE_Y,2025-12-24 22:52:44
460,16,3108.0,UBR#TX,2025-11-23 20:09:19,Bangalore,IPHONE_X,2025-11-23 20:09:21
461,1,221.0,MOVIE TKT,2025-12-06 08:35:05,Bangalore,IPHONE_Y,2025-12-06 08:35:07
462,7,2695.0,BANK TX,2026-01-20 12:14:39,Bangalore,ANDROID_B2,2026-01-20 12:14:41
463,7,2373.0,SWIG INST,2025-11-22 09:35:04,Bangalore,IPHONE_Y,2025-11-22 09:35:06
464,22,3022.0,ZOM FOOD,2025-12-29 23:08:42,Mumbai,IPHONE_X,2025-12-29 23:08:44
465,4,37681.0,FKRT BUY,2025-12-17 03:21:39,Bangalore,NEW_DEVICE_4,2025-12-17 03:21:41
466,23,1542.0,PVR CIN,2026-01-22 18:00:20,Mumbai,IPHONE_Y,2026-01-22 18:00:22
467,26,1522.0,RPD AUTO,2025-12-13 12:29:28,Bangalore,IPHONE_X,2025-12-13 12:29:30
468,25,769.0,AMZN*ORD,2026-01-26 10:57:34,Mumbai,IPHONE_X,2026-01-26 10:57:36
469,9,126.0,UNKNOWN TXN,2025-11-29 08:13:58,Delhi,IPHONE_Y,2025-11-29 08:14:00
470,18,2260.0,FKRT BUY,2025-12-28 23:25:14,Hyderabad,ANDROID_B2,2025-12-28 23:25:16
471,24,2140.0,FLPKRT,2025-12-28 10:32:00,Mumbai,IPHONE_Y,2025-12-28 10:32:02
472,28,624.0,PVR CIN,2026-01-21 22:36:36,Mumbai,ANDROID_B2,2026-01-21 22:36:38
473,24,215.0,MISC PAY,2026-01-14 15:04:16,Bangalore,IPHONE_Y,2026-01-14 15:04:18
474,8,3291.0,SWIG INST,2025-12-14 19:58:29,Delhi,IPHONE_Y,2025-12-14 19:58:31
475,2,2185.0,BANK TX,2025-11-30 16:34:36,Mumbai,IPHONE_X,2025-11-30 16:34:38
476,13,2726.0,MISC PAY,2025-12-26 10:58:14,Hyderabad,IPHONE_X,2025-12-26 10:58:16
477,13,2024.0,AMAZON PAY,2025-12-18 08:10:14,Delhi,ANDROID_B2,2025-12-18 08:10:16
478,17,815.0,BANK TX,2025-11-27 13:45:52,Delhi,IPHONE_X,2025-11-27 13:45:54
479,22,3000.0,RPD AUTO,2025-11-18 11:30:30,Mumbai,IPHONE_Y,2025-11-18 11:30:32
480,19,27827.0,RPD AUTO,2025-11-29 02:10:08,Hyderabad,NEW_DEVICE_5,2025-11-29 02:10:10
481,2,41925.0,PVR CIN,2025-12-23 02:38:36,Delhi,NEW_DEVICE_5,2025-12-23 02:38:38
482,29,937.0,BANK TX,2025-12-13 22:10:14,Pune,IPHONE_Y,2025-12-13 22:10:16
483,20,794.0,UBR#TX,2025-11-17 16:21:59,Pune,ANDROID_B2,2025-11-17 16:22:01
484,20,1628.0,MOV TIX,2026-02-10 12:12:33,Hyderabad,ANDROID_A1,2026-02-10 12:12:35
485,22,776.0,SPTFY,2025-12-06 23:32:48,Delhi,ANDROID_A1,2025-12-06 23:32:50
486,3,2258.0,SPTFY,2025-12-08 08:26:23,Delhi,IPHONE_Y,2025-12-08 08:26:25
487,23,3336.0,BOOKMY,2025-12-30 23:37:51,Hyderabad,IPHONE_Y,2025-12-30 23:37:53
488,4,3186.0,SPTFY,2026-01-07 15:38:56,Hyderabad,ANDROID_A1,2026-01-07 15:38:58
489,14,25466.0,FLPKRT,2026-02-12 01:24:41,Mumbai,NEW_DEVICE_5,2026-02-12 01:24:43
490,23,683.0,AMZN*ORD,2026-01-10 21:54:34,Pune,IPHONE_X,2026-01-10 21:54:36
491,19,2837.0,FKRT BUY,2025-12-22 20:35:50,Hyderabad,ANDROID_B2,2025-12-22 20:35:52
492,16,2031.0,UBER *RIDE,2025-12-01 16:22:49,Pune,IPHONE_X,2025-12-01 16:22:51
493,24,1879.0,UBR TRIP,2026-01-16 13:32:25,Bangalore,ANDROID_A1,2026-01-16 13:32:27
494,26,2945.0,MOVIE TKT,2025-12-25 09:40:00,Delhi,ANDROID_B2,2025-12-25 09:40:02
495,27,1833.0,RPD AUTO,2026-01-10 10:14:23,Delhi,ANDROID_A1,2026-01-10 10:14:25
496,20,1691.0,SWIGGY #123,2026-01-21 17:40:31,Pune,ANDROID_A1,2026-01-21 17:40:33
497,1,187.0,UBR#TX,2025-11-18 15:02:23,Mumbai,ANDROID_B2,2025-11-18 15:02:25
498,21,1180.0,SWIG INST,2025-11-19 20:25:25,Hyderabad,IPHONE_X,2025-11-19 20:25:27
499,7,331.0,MOV TIX,2025-12-03 10:58:37,Bangalore,IPHONE_X,2025-12-03 10:58:39
500,12,846.0,FLPKRT,2025-12-01 22:00:16,Mumbai,IPHONE_Y,2025-12-01 22:00:18
501,14,2110.0,MOV TIX,2026-01-29 17:51:32,Bangalore,IPHONE_X,2026-01-29 17:51:34
502,29,1863.0,MOVIE TKT,2026-01-12 20:48:21,Pune,IPHONE_Y,2026-01-12 20:48:23
503,22,2024.0,PRIME VID,2026-02-04 11:24:40,Mumbai,IPHONE_X,2026-02-04 11:24:42
504,22,1739.0,UPI DR,2025-11-15 19:53:16,Mumbai,ANDROID_A1,2025-11-15 19:53:18
505,10,3413.0,SWIGGY #123,2025-12-04 18:59:11,Pune,ANDROID_A1,2025-12-04 18:59:13
506,11,1152.0,FLPKRT,2025-12-11 13:47:12,Mumbai,ANDROID_B2,2025-12-11 13:47:14
507,24,880.0,UBER *RIDE,2026-01-24 15:49:06,Delhi,IPHONE_X,2026-01-24 15:49:08
508,30,3180.0,SWIGGY #123,2025-12-27 09:39:20,Pune,IPHONE_Y,2025-12-27 09:39:22
509,29,3180.0,INOX,2026-01-15 16:48:36,Mumbai,IPHONE_Y,2026-01-15 16:48:38
510,2,2264.0,BOOKMY,2025-12-24 09:55:43,Mumbai,IPHONE_X,2025-12-24 09:55:45
511,15,2873.0,ZMT*DEL,2025-11-18 08:13:24,Hyderabad,ANDROID_A1,2025-11-18 08:13:26
512,4,1113.0,AMAZON PAY,2026-01-13 13:17:30,Hyderabad,IPHONE_X,2026-01-13 13:17:32
513,11,912.0,FLPKRT,2025-12-28 21:54:25,Bangalore,IPHONE_X,2025-12-28 21:54:27
514,15,2408.0,UBR#TX,2026-01-09 15:51:15,Hyderabad,ANDROID_A1,2026-01-09 15:51:17
515,14,3075.0,SPTFY,2026-02-11 12:11:26,Pune,IPHONE_Y,2026-02-11 12:11:28
516,5,1278.0,BANK TX,2025-12-24 16:06:44,Mumbai,ANDROID_A1,2025-12-24 16:06:46
517,2,2629.0,UBER *RIDE,2026-01-01 11:16:23,Bangalore,IPHONE_Y,2026-01-01 11:16:25
518,18,1736.0,INOX,2025-11-18 11:38:12,Hyderabad,IPHONE_X,2025-11-18 11:38:14
519,19,1215.0,UPI DR,2025-11-18 19:32:31,Pune,IPHONE_X,2025-11-18 19:32:33
520,29,1949.0,SWIGGY #123,2025-11-23 12:51:59,Bangalore,ANDROID_B2,2025-11-23 12:52:01
521,14,342.0,MISC PAY,2025-12-31 10:14:20,Bangalore,ANDROID_B2,2025-12-31 10:14:22
522,21,1669.0,AMAZON PAY,2025-12-28 16:47:37,Hyderabad,IPHONE_Y,2025-12-28 16:47:39
523,15,144.0,SPTFY,2025-11-20 12:16:47,Delhi,ANDROID_B2,2025-11-20 12:16:49
524,7,311.0,RPD AUTO,2026-02-09 23:49:25,Hyderabad,ANDROID_A1,2026-02-09 23:49:27
525,25,686.0,ZMT ORD,2026-01-04 10:14:15,Bangalore,IPHONE_Y,2026-01-04 10:14:17
526,15,3484.0,UPI DR,2026-02-08 13:42:22,Bangalore,ANDROID_A1,2026-02-08 13:42:24
527,28,2264.0,SPOT SUB,2026-01-26 16:44:34,Mumbai,IPHONE_Y,2026-01-26 16:44:36
528,19,2654.0,BOOKMY,2025-12-30 21:30:34,Mumbai,IPHONE_X,2025-12-30 21:30:36
529,26,1738.0,SWIGGY #123,2026-01-05 16:00:00,Hyderabad,ANDROID_B2,2026-01-05 16:00:02
530,27,2241.0,UBER *RIDE,2025-12-13 08:19:00,Pune,IPHONE_Y,2025-12-13 08:19:02
531,26,79.0,FKRT BUY,2025-12-22 19:56:35,Pune,ANDROID_B2,2025-12-22 19:56:37
532,13,2695.0,OLA CABS,2026-01-15 20:16:05,Pune,IPHONE_Y,2026-01-15 20:16:07
533,21,2561.0,UBR#TX,2025-11-21 16:47:34,Bangalore,IPHONE_X,2025-11-21 16:47:36
534,14,1236.0,UBR TRIP,2025-11-25 11:28:17,Hyderabad,IPHONE_Y,2025-11-25 11:28:19
535,16,28252.0,UBER *RIDE,2026-01-30 01:18:17,Mumbai,NEW_DEVICE_2,2026-01-30 01:18:19
536,23,667.0,NFLS,2026-01-16 08:21:26,Bangalore,IPHONE_Y,2026-01-16 08:21:28
537,26,3291.0,NETFLX,2026-02-02 09:53:48,Mumbai,IPHONE_X,2026-02-02 09:53:50
538,2,1975.0,AMZN*ORD,2026-01-11 13:52:24,Delhi,ANDROID_B2,2026-01-11 13:52:26
539,4,1864.0,UPI DR,2026-01-18 15:29:47,Delhi,ANDROID_A1,2026-01-18 15:29:49
540,17,2841.0,UPI DR,2026-01-23 17:40:46,Delhi,IPHONE_X,2026-01-23 17:40:48
541,24,2021.0,MOVIE TKT,2025-12-28 17:56:03,Mumbai,ANDROID_B2,2025-12-28 17:56:05
542,4,735.0,RPD AUTO,2025-12-24 16:50:15,Delhi,ANDROID_A1,2025-12-24 16:50:17
543,2,684.0,BOOKMY,2026-01-12 19:10:31,Delhi,ANDROID_A1,2026-01-12 19:10:33
544,22,3161.0,INOX,2025-12-29 09:41:09,Hyderabad,ANDROID_A1,2025-12-29 09:41:11
545,26,1347.0,SWIG INST,2026-01-19 19:01:44,Pune,IPHONE_Y,2026-01-19 19:01:46
546,12,211.0,UPI DR,2025-12-03 23:18:34,Pune,IPHONE_Y,2025-12-03 23:18:36
547,7,1375.0,PVR CIN,2025-11-28 22:58:55,Hyderabad,IPHONE_X,2025-11-28 22:58:57
548,6,1261.0,ZMT*DEL,2025-12-16 16:00:49,Hyderabad,IPHONE_X,2025-12-16 16:00:51
549,13,2588.0,UPI DR,2026-01-02 19:46:04,Hyderabad,ANDROID_B2,2026-01-02 19:46:06
550,27,2087.0,SPTFY,2026-01-02 12:26:41,Bangalore,IPHONE_X,2026-01-02 12:26:43
551,4,229.0,ZMT*DEL,2026-02-08 12:12:06,Pune,ANDROID_B2,2026-02-08 12:12:08
552,7,3475.0,ZMT ORD,2025-12-07 20:39:44,Hyderabad,IPHONE_Y,2025-12-07 20:39:46
553,9,2990.0,ZOM FOOD,2026-01-17 10:41:31,Delhi,ANDROID_A1,2026-01-17 10:41:33
554,15,3095.0,UNKNOWN TXN,2026-02-05 21:52:39,Bangalore,IPHONE_X,2026-02-05 21:52:41
555,17,369.0,ZMT ORD,2026-01-31 14:46:14,Hyderabad,ANDROID_A1,2026-01-31 14:46:16
556,13,1068.0,OLA CABS,2026-01-30 13:49:40,Hyderabad,IPHONE_Y,2026-01-30 13:49:42
557,12,1799.0,MISC PAY,2026-01-20 11:35:25,Hyderabad,ANDROID_B2,2026-01-20 11:35:27
558,11,2507.0,UPI DR,2026-01-03 22:35:20,Bangalore,IPHONE_X,2026-01-03 22:35:22
559,14,1374.0,MISC PAY,2025-12-26 15:49:35,Bangalore,ANDROID_B2,2025-12-26 15:49:37
560,12,50.0,SPOT SUB,2025-11-28 09:01:33,Mumbai,IPHONE_X,2025-11-28 09:01:35
561,29,958.0,AMZN MKTP,2026-02-10 14:49:52,Bangalore,IPHONE_X,2026-02-10 14:49:54
562,30,2391.0,MOVIE TKT,2026-02-08 12:29:22,Mumbai,ANDROID_A1,2026-02-08 12:29:24
563,5,1073.0,AMAZON PAY,2026-01-05 15:05:36,Pune,IPHONE_X,2026-01-05 15:05:38
564,19,3297.0,UBR TRIP,2025-12-12 23:52:57,Hyderabad,ANDROID_B2,2025-12-12 23:52:59
565,27,203.0,ZMT*DEL,2026-02-05 20:58:49,Bangalore,ANDROID_A1,2026-02-05 20:58:51
566,12,543.0,SPOT SUB,2025-11-23 15:49:40,Pune,ANDROID_A1,2025-11-23 15:49:42
567,2,60384.0,FKRT BUY,2025-12-10 02:44:14,Mumbai,NEW_DEVICE_3,2025-12-10 02:44:16
568,2,3133.0,MISC PAY,2025-12-19 10:18:50,Pune,ANDROID_B2,2025-12-19 10:18:52
569,5,2390.0,UBER *RIDE,2026-01-10 09:05:25,Hyderabad,IPHONE_Y,2026-01-10 09:05:27
570,14,2019.0,UPI DR,2025-12-24 14:41:36,Mumbai,IPHONE_Y,2025-12-24 14:41:38
571,18,343.0,MOVIE TKT,2026-01-02 16:43:59,Hyderabad,IPHONE_Y,2026-01-02 16:44:01
572,3,1476.0,SWIGGY #123,2025-12-30 14:38:41,Delhi,IPHONE_X,2025-12-30 14:38:43
573,25,2574.0,FLPKRT,2025-12-18 22:02:59,Mumbai,ANDROID_B2,2025-12-18 22:03:01
574,7,3033.0,BANK TX,2026-02-06 10:15:39,Mumbai,ANDROID_A1,2026-02-06 10:15:41
575,28,3344.0,AMZN MKTP,2025-12-17 11:30:01,Bangalore,IPHONE_X,2025-12-17 11:30:03
576,7,2193.0,UPI DR,2025-11-25 16:46:09,Delhi,IPHONE_Y,2025-11-25 16:46:11
577,13,36162.0,MOVIE TKT,2026-01-18 01:50:44,Hyderabad,NEW_DEVICE_3,2026-01-18 01:50:46
578,9,84.0,SWIGGY #123,2025-11-20 10:17:42,Bangalore,IPHONE_Y,2025-11-20 10:17:44
579,28,2709.0,ZMT ORD,2025-12-26 20:32:45,Delhi,ANDROID_B2,2025-12-26 20:32:47
580,29,2227.0,AMZN*ORD,2026-01-18 10:32:29,Hyderabad,ANDROID_B2,2026-01-18 10:32:31
581,30,59695.0,UNKNOWN TXN,2025-12-12 03:25:47,Mumbai,NEW_DEVICE_3,2025-12-12 03:25:49
582,1,1288.0,AMAZON PAY,2026-02-05 15:40:16,Pune,IPHONE_X,2026-02-05 15:40:18
583,29,973.0,ZMT*DEL,2025-12-24 12:42:08,Delhi,IPHONE_X,2025-12-24 12:42:10
584,24,2558.0,PRIME VID,2026-01-13 15:36:09,Pune,IPHONE_Y,2026-01-13 15:36:11
585,10,589.0,INOX,2025-11-30 14:34:43,Mumbai,ANDROID_B2,2025-11-30 14:34:45
586,28,2195.0,UBER *RIDE,2026-01-25 12:41:59,Hyderabad,IPHONE_Y,2026-01-25 12:42:01
587,30,59928.0,UBER *RIDE,2026-01-03 01:53:56,Mumbai,NEW_DEVICE_2,2026-01-03 01:53:58
588,24,1745.0,ZOM FOOD,2025-12-18 21:47:59,Bangalore,IPHONE_X,2025-12-18 21:48:01
589,5,157.0,UBR TRIP,2025-11-28 16:14:14,Delhi,ANDROID_B2,2025-11-28 16:14:16
590,12,2526.0,SWIGGY #123,2026-01-20 23:54:24,Pune,IPHONE_X,2026-01-20 23:54:26
591,16,182.0,OLA CABS,2026-01-09 21:26:14,Mumbai,ANDROID_A1,2026-01-09 21:26:16
592,25,1849.0,UBR TRIP,2025-12-16 23:56:15,Pune,IPHONE_X,2025-12-16 23:56:17
593,13,1608.0,ZMT*DEL,2025-11-26 18:47:36,Hyderabad,IPHONE_Y,2025-11-26 18:47:38
594,18,1899.0,MOV TIX,2026-01-12 22:33:34,Pune,ANDROID_A1,2026-01-12 22:33:36
595,24,3184.0,ZMT*DEL,2026-01-06 09:28:25,Bangalore,ANDROID_B2,2026-01-06 09:28:27
596,25,1255.0,AMZN*ORD,2025-12-15 09:53:41,Pune,ANDROID_B2,2025-12-15 09:53:43
597,3,2447.0,UNKNOWN TXN,2025-12-22 12:20:28,Delhi,IPHONE_Y,2025-12-22 12:20:30
598,6,877.0,PRIME VID,2026-01-11 22:20:44,Mumbai,ANDROID_A1,2026-01-11 22:20:46
599,23,2942.0,UNKNOWN TXN,2026-02-02 22:33:45,Pune,IPHONE_X,2026-02-02 22:33:47
600,24,1601.0,MOVIE TKT,2026-01-22 20:58:21,Hyderabad,ANDROID_A1,2026-01-22 20:58:23